jp,en
キタ,Kita
ミナミ他,Minami
三重,Mie
京都,Kyoto
佐賀,Saga
兵庫,Hyogo
北海道,Hokkaido
千葉,Chiba
和歌山,Wakayama
埼玉,Saitama
大分,Oita
奈良,Nara
宮城,Miyagi
宮崎,Miyazaki
富山,Toyama
山口,Yamaguchi
山形,Yamagata
山梨,Yamanashi
岐阜,Gifu
岡山,Okayama
岩手,Iwate
島根,Shimane
川崎・湘南・箱根他,Kawasaki
広島,Hiroshima
徳島,Tokushima
恵比寿・目黒・品川,Ebisu
愛媛,Ehime
愛知,Aichi
新宿・高田馬場・中野・吉祥寺,Shinjuku
新潟,Niigata
栃木,Tochigi
横浜,Yokohama
池袋・神楽坂・赤羽,Ikebukuro
沖縄,Okinawa
渋谷・青山・自由が丘,Shibuya
滋賀,Shiga
熊本,Kumamoto
石川,Ishikawa
福井,Fukui
福岡,Fukuoka
福島,Fukushima
秋田,Akita
立川・町田・八王子他,Tachikawa
群馬,Gunma
茨城,Ibaraki
赤坂・六本木・麻布,Akasaka
銀座・新橋・東京・上野,Ginza
長崎,Nagasaki
長野,Nagano
青森,Aomori
静岡,Shizuoka
香川,Kagawa
高知,Kochi
鳥取,Tottori
鹿児島,Kagoshima
